id,category,question,rules_based_answer,rules_based_policy,rules_based_time_ms,llm_no_index_answer,llm_no_index_policy,llm_no_index_time_ms,llm_no_index_tokens,llm_no_index_citation_real,llm_with_index_answer,llm_with_index_policy,llm_with_index_time_ms,llm_with_index_tokens,llm_with_index_citation_real
q1,clear,What is the dress code policy?,According to the Dress Code Policy: Employees are expected to dress in business casual attire.,Dress Code Policy,0.03,Employees are expected to dress in business casual attire.,Dress Code Policy,3125.69,3205,True,Employees are expected to dress in business casual attire.,Dress Code Policy,2777.01,395,True
q2,clear,How long is the product warranty?,No matching policy was found in the database for this question.,,0.04,Products are covered under warranty for one year.,Warranty Policy,4984.69,3203,True,Products are covered under warranty for one year.,Warranty Policy,2025.67,380,True
q3,clear,How often are performance reviews conducted?,According to the Performance Review Policy: Employees receive formal performance reviews annually.,Performance Review Policy,0.03,Employees receive formal performance reviews annually.,Performance Review Policy,2660.54,3202,True,Performance reviews are conducted annually.,Performance Review Policy,2949.97,374,True
q4,clear,What are the requirements for setting a password?,According to the Password Policy: Passwords must be changed every 90 days and meet complexity requirements.,Password Policy,0.03,Passwords must be changed every 90 days and meet complexity requirements.,Password Policy,2130.98,3210,True,Passwords must be changed every 90 days and meet complexity requirements.,Password Policy,4045.89,405,True
q5,clear,How much vacation time do employees get?,According to the Vacation Policy: Employees receive 15 vacation days per year. Unused days may roll over.,Vacation Policy,0.03,"Employees receive 15 vacation days per year, and unused days may roll over.",Vacation Policy,1535.41,3213,True,Employees receive 15 vacation days per year.,Vacation Policy,3665.24,417,True
q6,ambiguous,Can I work from a different country for a while?,According to the Work From Abroad Policy: Employees may work abroad for up to 30 days with approval.,Work From Abroad Policy,0.03,"Yes, employees may work abroad for up to 30 days with approval.",Work From Abroad Policy,3173.49,3223,True,"Yes, you may work abroad for up to 30 days with approval.",Work From Abroad Policy,5093.5,421,True
q7,ambiguous,What happens if there's a data breach or security incident?,According to the Security Incident Policy: Security incidents must be reported immediately.,Security Incident Policy,0.05,Security incidents must be reported immediately.,Security Incident Policy,3876.22,3208,True,Security incidents must be reported immediately.,Security Incident Policy,2335.06,395,True
q8,ambiguous,Am I allowed to connect my personal laptop to company systems from home?,According to the Laptop Usage Policy: Company laptops must be used for business purposes only.,Laptop Usage Policy,0.04,"No policy covers the use of personal laptops to access company systems. Existing policies regarding equipment, such as the 'Laptop Usage Policy', only state that company laptops must be used for business purposes.",,5134.51,3237,,The provided policies do not address whether you are allowed to connect a personal laptop to company systems from home.,,1741.01,414,
q9,ambiguous,Who do I talk to if I think a manager is doing something unethical?,No matching policy was found in the database for this question.,,0.03,Employees may report unethical behavior anonymously.,Whistleblower Policy,3584.37,3211,True,You may report unethical behavior anonymously.,Whistleblower Policy,2688.77,395,True
q10,ambiguous,Can I expense a dinner with a client?,No matching policy was found in the database for this question.,,0.03,"Expenses over $500 require prior approval from Finance. You should also refer to your department's specific expense guidelines if applicable, as corporate card usage must comply with those.",Expense Approval Policy,3376.76,3233,True,"No policy covers the specific act of expensing a dinner with a client, though expenses over $500 require prior approval from Finance and client gifts must comply with company guidelines.",,1354.33,432,
q11,unanswerable,Can I bring my dog to the office?,No matching policy was found in the database for this question.,,0.03,No policy in the company's database addresses the topic of bringing pets to the office.,,2868.38,3212,,There is no company policy that covers bringing dogs to the office.,,2171.13,405,
q12,unanswerable,What is the policy on smoking indoors?,No matching policy was found in the database for this question.,,0.02,There is no policy listed regarding smoking indoors.,,4403.02,3202,,There is no policy in the database regarding smoking indoors.,,2041.08,396,
q13,unanswerable,Do we offer a company gym membership?,No matching policy was found in the database for this question.,,0.03,There is no policy listed that covers gym memberships.,,4483.23,3203,,There is no policy in our database that covers company gym memberships.,,5132.45,401,
q14,unanswerable,Can I get reimbursed for a home espresso machine?,No matching policy was found in the database for this question.,,0.03,"No, there is no policy in the database that provides for the reimbursement of home espresso machines.",,3399.98,3214,,"No, there is no company policy that allows for the reimbursement of a home espresso machine.",,2609.41,416,
q15,unanswerable,What is our policy on accepting cryptocurrency payments from vendors?,No matching policy was found in the database for this question.,,0.02,There is no policy that covers accepting cryptocurrency payments from vendors.,,1639.41,3208,,There is no policy in the provided database that covers the acceptance of cryptocurrency payments from vendors.,,3148.11,397,
